consensus,n,% of unclassified OTUs,% of OTUs with min identity > 95%,% of OTUs with min identity > 97%,% of OTUs min identity > 99%,sum of OTU counts,% of unclassified OTU in counts,% of OTU with min identity > 95% in counts,% of OTU with min identity > 97% in counts,% of OTU with min identity > 99% in counts
isoCon,977,0,82.8045035823951,61.9242579324463,15.353121801433,191963,0,87.4095528825868,69.1575980787964,34.9416293764944
kmerCon,1836,0.217864923747277,34.640522875817,19.6078431372549,3.7037037037037,221665,0.0072180993842059,65.7595921773848,13.2208512845961,4.07236144632666
miniCon,1937,0,62.6226122870418,44.3469282395457,7.3309241094476,27903,0,77.285596530839,64.1866465971401,39.2108375443501
