consensus,n,% of unclassified OTUs,% of OTUs with min identity > 97%,% of OTUs min identity > 99%,sum of OTU counts,% of unclassified OTU in counts,% of OTU with min identity > 97% in counts,% of OTU with min identity > 99% in counts
isoCon,1491,0,99.5975855130785,96.8477531857814,2750645,0,99.6664782260161,98.9716593744376
kmerCon,159,0,95.5974842767296,85.5345911949686,2771441,0,99.6605015224932,77.7163937460693
miniCon,324,0,98.4567901234568,95.9876543209877,2632537,0,99.68087817949,99.6564530716947
