consensus,n,% of unclassified OTUs,% of OTUs with min identity > 97%,% of OTUs min identity > 99%,sum of OTU counts,% of unclassified OTU in counts,% of OTU with min identity > 97% in counts,% of OTU with min identity > 99% in counts
isoCon,379,0,98.9445910290237,94.4591029023747,2535819,0,99.701634856431,96.7486244089188
kmerCon,131,0,94.6564885496183,82.4427480916031,2517206,0,99.6964094317271,93.2905769333142
miniCon,135,0,96.2962962962963,90.3703703703704,2530720,0,99.6993345767213,99.67396630208
